threads,memory,joins,mean,std_dev,mad,r1,r2,r3,r4,r5,r6,r7,r8,r9,r10
1,1GB,1,0.14758834838867188,0.0022682589014126277,0.0009033679962158203,0.15252184867858887,0.14861106872558594,0.14630413055419922,0.1456451416015625,0.14679884910583496,0.1490638256072998,0.14574289321899414,0.14565110206604004,0.14942574501037598,0.1461188793182373
1,1GB,2,0.7526380300521851,0.014852330521339777,0.0060884952545166016,0.759056806564331,0.7486591339111328,0.7530498504638672,0.7895920276641846,0.7427380084991455,0.7606029510498047,0.7468199729919434,0.740872859954834,0.7458868026733398,0.7391018867492676
1,1GB,3,0.7805817127227783,0.002138246673288046,0.000592350959777832,0.7834560871124268,0.7793979644775391,0.7779262065887451,0.779644250869751,0.7797389030456543,0.7797627449035645,0.778918981552124,0.7797892093658447,0.784168004989624,0.7830147743225098
1,1GB,5,0.7063199043273926,0.0012008222721931932,0.0012220144271850586,0.7062890529632568,0.7066240310668945,0.7068130970001221,0.7076082229614258,0.7078790664672852,0.7048382759094238,0.7053711414337158,0.7077488899230957,0.7050251960754395,0.7050020694732666
1,1GB,10,16.600486850738527,0.6916736919350125,0.4274320602416992,17.494149923324585,17.880717039108276,17.137378692626953,16.750041007995605,15.873031854629517,16.200676918029785,16.3138689994812,15.895176887512207,16.145740032196045,16.31408715248108
1,2GB,1,0.1526238203048706,0.002783159049605925,0.001437067985534668,0.15293312072753906,0.1526339054107666,0.1538989543914795,0.15761780738830566,0.15102481842041016,0.15302085876464844,0.15174603462219238,0.1557629108428955,0.1483159065246582,0.14928388595581055
1,2GB,2,0.7430033206939697,0.01255053473330872,0.0021382570266723633,0.7708349227905273,0.7600607872009277,0.7461738586425781,0.73819899559021,0.734562873840332,0.7354810237884521,0.7374610900878906,0.7355179786682129,0.7347226142883301,0.7370190620422363
1,2GB,3,0.7827707290649414,0.007298895388943225,0.005465149879455566,0.776940107345581,0.7776267528533936,0.7831480503082275,0.7763247489929199,0.7892050743103027,0.7826950550079346,0.7761132717132568,0.7830071449279785,0.7828021049499512,0.7998449802398682
1,2GB,5,0.7064106464385986,0.002517122563554139,0.0014840364456176758,0.7044920921325684,0.707578182220459,0.7118659019470215,0.703139066696167,0.7049050331115723,0.7071821689605713,0.7039089202880859,0.7078731060028076,0.706265926361084,0.7068960666656494
1,2GB,10,12.117316222190857,0.1461714459582995,0.0690007209777832,12.077988862991333,12.18542218208313,12.368776082992554,12.031991720199585,12.05533218383789,12.169993162155151,12.121855974197388,11.820042133331299,12.2570481300354,12.084711790084839
1,4GB,1,0.1507195234298706,0.002423050038877591,0.0005731582641601562,0.15020275115966797,0.14966392517089844,0.15023112297058105,0.1549241542816162,0.15538525581359863,0.150468111038208,0.1497631072998047,0.14857196807861328,0.1493217945098877,0.14866304397583008
1,4GB,2,0.7403995752334595,0.0030206359691759724,0.00244748592376709,0.7367939949035645,0.7375240325927734,0.744117021560669,0.7401621341705322,0.7438437938690186,0.7382349967956543,0.741154670715332,0.7449641227722168,0.7397289276123047,0.7374720573425293
1,4GB,3,0.7789611101150513,0.005934741294746041,0.0010380744934082031,0.7768471240997314,0.775719165802002,0.7759637832641602,0.7769119739532471,0.7955060005187988,0.7781648635864258,0.7763450145721436,0.7787079811096191,0.7762250900268555,0.7792201042175293
1,4GB,5,0.7052290201187134,0.002960293289914047,0.0013399124145507812,0.7070410251617432,0.7022061347961426,0.7037312984466553,0.7053639888763428,0.7125301361083984,0.7024497985839844,0.7054369449615479,0.7046620845794678,0.7053089141845703,0.7035598754882812
1,4GB,10,5.651206517219544,0.028930456118871014,0.005985856056213379,5.642187833786011,5.631975173950195,5.637081146240234,5.729984998703003,5.642359018325806,5.652646064758301,5.637138843536377,5.660274982452393,5.64292311668396,5.635493993759155
1,8GB,1,0.14903178215026855,0.0013005364879299475,0.0007544755935668945,0.14964699745178223,0.14813804626464844,0.1486968994140625,0.1512150764465332,0.14913487434387207,0.14888620376586914,0.15096783638000488,0.14789795875549316,0.14869976043701172,0.1470341682434082
1,8GB,2,0.740010404586792,0.004554618646929165,0.0041751861572265625,0.7447900772094727,0.7428233623504639,0.7467777729034424,0.744070291519165,0.7416739463806152,0.7380819320678711,0.7357199192047119,0.7339849472045898,0.737022876739502,0.7351589202880859
1,8GB,3,0.7757002115249634,0.0007806886940507405,0.0005701780319213867,0.7757689952850342,0.7746069431304932,0.776634931564331,0.7761721611022949,0.7764921188354492,0.7742941379547119,0.775627851486206,0.7756478786468506,0.7763850688934326,0.7753720283508301
1,8GB,5,0.7041823863983154,0.0010500864885849331,0.0007779598236083984,0.7060589790344238,0.7049200534820557,0.7026932239532471,0.7039098739624023,0.7052090167999268,0.7040448188781738,0.7033641338348389,0.7041857242584229,0.7028839588165283,0.7045540809631348
1,8GB,10,5.481289958953857,0.02694471684239762,0.010072946548461914,5.458108186721802,5.549554824829102,5.484683036804199,5.481311082839966,5.456283092498779,5.4780800342559814,5.475366115570068,5.496212959289551,5.465409994125366,5.46789026260376
1,16GB,1,0.14992263317108154,0.0014841411260909105,0.0010285377502441406,0.15031099319458008,0.14891290664672852,0.1482539176940918,0.15201783180236816,0.15158987045288086,0.14953112602233887,0.15197968482971191,0.14932608604431152,0.14925599098205566,0.14804792404174805
1,16GB,2,0.737177038192749,0.0018515991792462318,0.0015474557876586914,0.7395448684692383,0.7394301891326904,0.7390038967132568,0.7385458946228027,0.7361230850219727,0.7366821765899658,0.7354559898376465,0.7371242046356201,0.7354509830474854,0.7344090938568115
1,16GB,3,0.779651141166687,0.0039942716906364506,0.0017900466918945312,0.7880859375,0.7849328517913818,0.7801499366760254,0.7787001132965088,0.7753148078918457,0.7802350521087646,0.7767057418823242,0.777860164642334,0.7765698432922363,0.7779569625854492
1,16GB,5,0.7068562507629395,0.006024587920255891,0.0011855363845825195,0.7082021236419678,0.7230451107025146,0.7042388916015625,0.7047500610351562,0.7038590908050537,0.7044620513916016,0.7058241367340088,0.7034530639648438,0.7022280693054199,0.7084999084472656
1,16GB,10,5.507866621017456,0.014454657097868017,0.006184577941894531,5.478213310241699,5.494350910186768,5.514120817184448,5.527709007263184,5.511953115463257,5.4965691566467285,5.505670785903931,5.51803994178772,5.515937089920044,5.516102075576782
2,1GB,1,0.07865464687347412,0.001175031911923878,0.0004971027374267578,0.07770991325378418,0.07793784141540527,0.07760882377624512,0.07871890068054199,0.07891416549682617,0.0793910026550293,0.07877492904663086,0.07796788215637207,0.07797598838806152,0.08154702186584473
2,1GB,2,0.3918280124664307,0.001561886987357386,0.0007860660552978516,0.3943629264831543,0.3922390937805176,0.39001893997192383,0.3911459445953369,0.3906669616699219,0.39205312728881836,0.39051008224487305,0.39176487922668457,0.39092206954956055,0.3945960998535156
2,1GB,3,0.41620264053344724,0.0017203854155223093,0.001055002212524414,0.4182779788970947,0.41543102264404297,0.4189870357513428,0.41496896743774414,0.414808988571167,0.4136471748352051,0.41619300842285156,0.4169189929962158,0.41770029067993164,0.41509294509887695
2,1GB,5,0.39391610622406004,0.006185617068396474,0.0009005069732666016,0.3928089141845703,0.39230895042419434,0.3902289867401123,0.3916170597076416,0.39034581184387207,0.39169979095458984,0.39147377014160156,0.39647889137268066,0.41080188751220703,0.39139699935913086
2,1GB,10,9.04305534362793,0.5005718223253077,0.21357786655426025,9.855849027633667,9.560243129730225,9.254508972167969,9.056498050689697,9.131500005722046,8.827353239059448,9.217547178268433,8.327232837677002,8.982131242752075,8.217689752578735
2,2GB,1,0.07925851345062256,0.0010010168529373698,0.0006415843963623047,0.07836103439331055,0.07800912857055664,0.0784151554107666,0.08002710342407227,0.07877087593078613,0.07920312881469727,0.07964420318603516,0.08011579513549805,0.0787808895111084,0.08125782012939453
2,2GB,2,0.3924750089645386,0.0016927110009211683,0.0008804798126220703,0.39667773246765137,0.3927731513977051,0.39192700386047363,0.39214420318603516,0.39082789421081543,0.391542911529541,0.3931260108947754,0.39101219177246094,0.3915069103240967,0.39321208000183105
2,2GB,3,0.41571640968322754,0.0010504437179274337,0.0007749795913696289,0.41709399223327637,0.41526293754577637,0.4160759449005127,0.4163351058959961,0.4142639636993408,0.41443896293640137,0.41478514671325684,0.4154701232910156,0.4172828197479248,0.4161550998687744
2,2GB,5,0.3915837049484253,0.001322089987613983,0.0006146430969238281,0.3938751220703125,0.3935520648956299,0.39145684242248535,0.39075708389282227,0.39051198959350586,0.3905048370361328,0.39173412322998047,0.3925189971923828,0.39076709747314453,0.39015889167785645
2,2GB,10,5.2847607135772705,0.1423578910572729,0.02797389030456543,5.233342885971069,5.267392873764038,5.214749336242676,5.246582746505737,5.279052972793579,5.681229829788208,5.219741106033325,5.288374185562134,5.211445093154907,5.205696105957031
2,4GB,1,0.07919206619262695,0.0008619000156373679,0.000255584716796875,0.07904624938964844,0.07911992073059082,0.07868599891662598,0.07884097099304199,0.07919716835021973,0.07861518859863281,0.07833313941955566,0.0799860954284668,0.07880020141601562,0.08129572868347168
2,4GB,2,0.3938502550125122,0.001694254710979314,0.0009819269180297852,0.39542508125305176,0.3973689079284668,0.39366602897644043,0.39427900314331055,0.3925182819366455,0.39290428161621094,0.39139485359191895,0.3927021026611328,0.39357805252075195,0.3946659564971924
2,4GB,3,0.4162257194519043,0.002066675673047674,0.0003018379211425781,0.42009806632995605,0.4146251678466797,0.4152703285217285,0.41587400436401367,0.41365599632263184,0.4157869815826416,0.4156827926635742,0.4156990051269531,0.4197359085083008,0.4158289432525635
2,4GB,5,0.3908944845199585,0.0014516746803635082,0.0014661550521850586,0.3921692371368408,0.3925039768218994,0.39233994483947754,0.38966894149780273,0.3911721706390381,0.3892369270324707,0.38915586471557617,0.39038610458374023,0.39272379875183105,0.3895878791809082
2,4GB,10,3.019208812713623,0.03940923055344014,0.010499715805053711,3.0662100315093994,3.0001730918884277,3.0053601264953613,2.998337984085083,2.9918408393859863,2.98356294631958,2.9998440742492676,2.9871768951416016,3.0768039226531982,3.082778215408325
2,8GB,1,0.07840776443481445,0.0008326420778237584,0.0005835294723510742,0.0775148868560791,0.07908368110656738,0.0773160457611084,0.07868194580078125,0.0788578987121582,0.07809305191040039,0.07812690734863281,0.07799816131591797,0.07822608947753906,0.08017897605895996
2,8GB,2,0.3928913831710815,0.0016221114319290597,0.0006176233291625977,0.39655137062072754,0.39322996139526367,0.39281773567199707,0.3913919925689697,0.39183902740478516,0.39221930503845215,0.3919832706451416,0.39246106147766113,0.39160609245300293,0.39481401443481445
2,8GB,3,0.4162131309509277,0.0013711065672064398,0.0009126663208007812,0.41832804679870605,0.41599106788635254,0.4154798984527588,0.4166262149810791,0.4153709411621094,0.41543030738830566,0.41734910011291504,0.4145028591156006,0.41825199127197266,0.41480088233947754
2,8GB,5,0.3914190769195557,0.001343863621657359,0.0005344152450561523,0.392772912979126,0.39427924156188965,0.38950610160827637,0.3914518356323242,0.3910520076751709,0.3915879726409912,0.3912842273712158,0.3915402889251709,0.39061522483825684,0.39010095596313477
2,8GB,10,2.9886173009872437,0.00863102367967171,0.004308581352233887,2.9915199279785156,2.9723470211029053,2.9879448413848877,2.9838168621063232,2.9844958782196045,2.983616828918457,2.9881060123443604,2.9978537559509277,2.992703914642334,3.003767967224121
2,16GB,1,0.07808027267456055,0.0007438137913742939,0.0002644062042236328,0.07745790481567383,0.07745099067687988,0.07752609252929688,0.0793447494506836,0.07786798477172852,0.077880859375,0.07796216011047363,0.07805490493774414,0.07773709297180176,0.07951998710632324
2,16GB,2,0.39355361461639404,0.0014785333440195747,0.0008274316787719727,0.39646100997924805,0.39395976066589355,0.3923048973083496,0.39304184913635254,0.3942751884460449,0.3927149772644043,0.3918328285217285,0.39277195930480957,0.39269566535949707,0.3954780101776123
2,16GB,3,0.416485333442688,0.001133708221183264,0.0006895065307617188,0.4183979034423828,0.4184141159057617,0.4153578281402588,0.41571474075317383,0.41589903831481934,0.4153306484222412,0.4169149398803711,0.41597509384155273,0.4167368412017822,0.41611218452453613
2,16GB,5,0.39146473407745364,0.0013311305512209663,0.0012869834899902344,0.3897740840911865,0.39331603050231934,0.39121317863464355,0.39160895347595215,0.39280009269714355,0.3927879333496094,0.3894689083099365,0.3921520709991455,0.3902139663696289,0.3913121223449707
2,16GB,10,2.9879600524902346,0.0066718550259179865,0.0018385648727416992,2.9833829402923584,2.9880778789520264,2.985867977142334,2.9861299991607666,2.9866912364959717,3.004512071609497,2.9924209117889404,2.988118886947632,2.9844417572021484,2.979956865310669
4,1GB,1,0.04327280521392822,0.0008474335287940546,0.00026345252990722656,0.04364371299743652,0.042798757553100586,0.04262495040893555,0.04265022277832031,0.04262232780456543,0.04534506797790527,0.042973995208740234,0.042800188064575195,0.043666839599609375,0.04360198974609375
4,1GB,2,0.22057147026062013,0.0032204023407036595,0.001665949821472168,0.22290992736816406,0.22129583358764648,0.22828102111816406,0.21992015838623047,0.21785306930541992,0.21997594833374023,0.2208108901977539,0.21796393394470215,0.21712088584899902,0.21958303451538086
4,1GB,3,0.23200106620788574,0.003774420820059174,0.001013636589050293,0.23964595794677734,0.2374279499053955,0.2311413288116455,0.22981500625610352,0.22834420204162598,0.2301032543182373,0.22911405563354492,0.23386073112487793,0.23005008697509766,0.23050808906555176
4,1GB,5,0.2263643980026245,0.006915595757461983,0.0003190040588378906,0.2453899383544922,0.22896099090576172,0.22419309616088867,0.22368597984313965,0.2228710651397705,0.2240920066833496,0.22377800941467285,0.2242879867553711,0.22400999069213867,0.22237491607666016
4,1GB,10,6.0562806844711305,0.48678212711083674,0.3631786108016968,5.774447917938232,5.420929193496704,5.641812086105347,5.61421275138855,6.211703062057495,6.783113956451416,6.62883186340332,6.567144870758057,6.207934141159058,5.712677001953125
4,2GB,1,0.04320390224456787,0.0005440053730281892,0.00022518634796142578,0.0446019172668457,0.04315972328186035,0.04258918762207031,0.04288506507873535,0.04303598403930664,0.04334092140197754,0.042825937271118164,0.043081045150756836,0.04316902160644531,0.0433502197265625
4,2GB,2,0.21938014030456543,0.002839881149134419,0.001873612403869629,0.2250049114227295,0.21554303169250488,0.21677088737487793,0.21661996841430664,0.22014212608337402,0.22220873832702637,0.21867990493774414,0.21830391883850098,0.22022104263305664,0.2203068733215332
4,2GB,3,0.23505702018737792,0.001934679504641678,0.0004296302795410156,0.23434805870056152,0.2345561981201172,0.23330211639404297,0.23400592803955078,0.23528289794921875,0.2347269058227539,0.2345571517944336,0.24031591415405273,0.23522686958312988,0.23424816131591797
4,2GB,5,0.22875852584838868,0.0019225457886857453,0.00029587745666503906,0.23383498191833496,0.22820806503295898,0.22832107543945312,0.22774815559387207,0.22768592834472656,0.22786712646484375,0.22772717475891113,0.22775602340698242,0.22833991050720215,0.23009681701660156
4,2GB,10,3.3429367780685424,0.08748204872649493,0.05717599391937256,3.455662965774536,3.4232640266418457,3.4963479042053223,3.3499300479888916,3.3179028034210205,3.3281450271606445,3.2775168418884277,3.248746156692505,3.2776730060577393,3.254179000854492
4,4GB,1,0.044715380668640135,0.0008798723623569863,0.00047600269317626953,0.04501199722290039,0.043272972106933594,0.04369306564331055,0.04372882843017578,0.04445481300354004,0.04540681838989258,0.04517817497253418,0.045255184173583984,0.04522395133972168,0.045928001403808594
4,4GB,2,0.22840609550476074,0.001263239407814261,0.0008599758148193359,0.22974491119384766,0.2279980182647705,0.22745704650878906,0.2264690399169922,0.22884607315063477,0.2271409034729004,0.22791290283203125,0.22831988334655762,0.23025989532470703,0.22991228103637695
4,4GB,3,0.24518990516662598,0.0016041860384566268,0.00067901611328125,0.24571895599365234,0.24436092376708984,0.24431705474853516,0.24472594261169434,0.24325084686279297,0.24363112449645996,0.24898886680603027,0.2456350326538086,0.2456350326538086,0.2456352710723877
4,4GB,5,0.2380812168121338,0.0008707495871386463,0.0003254413604736328,0.23757004737854004,0.2377912998199463,0.23997092247009277,0.23769617080688477,0.23804187774658203,0.2372150421142578,0.23739099502563477,0.23766088485717773,0.23923397064208984,0.23824095726013184
4,4GB,10,1.8466498851776123,0.032669586471762956,0.013843417167663574,1.8665690422058105,1.8771660327911377,1.8743510246276855,1.8765418529510498,1.8738129138946533,1.8190500736236572,1.8594520092010498,1.8148658275604248,1.7994050979614258,1.8052849769592285
4,8GB,1,0.047244811058044435,0.0002653743244038532,8.952617645263672e-05,0.047409772872924805,0.04736781120300293,0.047902822494506836,0.04718279838562012,0.04709124565124512,0.04702019691467285,0.04712390899658203,0.047215938568115234,0.04709672927856445,0.04703688621520996
4,8GB,2,0.22919826507568358,0.0007573773686634684,0.0003674030303955078,0.2303459644317627,0.22913789749145508,0.22931504249572754,0.22913384437561035,0.23056602478027344,0.2286989688873291,0.22925996780395508,0.22811007499694824,0.2288379669189453,0.2285768985748291
4,8GB,3,0.2434295654296875,0.002199652616659538,0.0005043745040893555,0.24501419067382812,0.24207687377929688,0.24286103248596191,0.2429370880126953,0.24233484268188477,0.24199295043945312,0.2491447925567627,0.2421581745147705,0.24238276481628418,0.2433929443359375
4,8GB,5,0.23521506786346436,0.000835184001375888,0.0006279945373535156,0.2360379695892334,0.23591303825378418,0.23512601852416992,0.23551726341247559,0.23439908027648926,0.23567724227905273,0.23351597785949707,0.23465704917907715,0.23617887496948242,0.23512816429138184
4,8GB,10,1.8080908536911011,0.00531291397120114,0.003386378288269043,1.8047850131988525,1.8008971214294434,1.817547082901001,1.8149833679199219,1.8048059940338135,1.8019530773162842,1.8100879192352295,1.8080668449401855,1.8082969188690186,1.8094851970672607
4,16GB,1,0.04708962440490723,0.00011023552000535782,6.747245788574219e-05,0.04702425003051758,0.04711508750915527,0.04700899124145508,0.047118186950683594,0.04716897010803223,0.04723095893859863,0.047271013259887695,0.04703092575073242,0.04700207710266113,0.04692578315734863
4,16GB,2,0.22929940223693848,0.001002796323420265,0.00022077560424804688,0.2291550636291504,0.2292768955230713,0.22783493995666504,0.22937226295471191,0.22893071174621582,0.2291860580444336,0.22942113876342773,0.2318408489227295,0.22916507720947266,0.22881102561950684
4,16GB,3,0.24388411045074462,0.0021662643710690494,0.0003274679183959961,0.243635892868042,0.24405121803283691,0.24240684509277344,0.24342608451843262,0.24363183975219727,0.24339628219604492,0.24980711936950684,0.24234580993652344,0.2436518669128418,0.24248814582824707
4,16GB,5,0.2362201690673828,0.0008536271260021441,0.0006090402603149414,0.23714208602905273,0.23652911186218262,0.2362668514251709,0.234511137008667,0.23592400550842285,0.23665595054626465,0.23648834228515625,0.23559808731079102,0.23747706413269043,0.2356090545654297
4,16GB,10,1.8079519033432008,0.005051503325015145,0.0037903785705566406,1.7992439270019531,1.8029587268829346,1.8024818897247314,1.80892014503479,1.8069908618927002,1.8123860359191895,1.8127470016479492,1.8086321353912354,1.8102152347564697,1.8149430751800537
8,1GB,1,0.035424423217773435,0.0007897468735474053,0.00044524669647216797,0.03459310531616211,0.03558611869812012,0.03472399711608887,0.034809112548828125,0.03606915473937988,0.035243988037109375,0.03483986854553223,0.036144256591796875,0.037055015563964844,0.03517961502075195
8,1GB,2,0.1733612060546875,0.0024028293369688916,0.001356959342956543,0.17767715454101562,0.17299103736877441,0.1738278865814209,0.1762239933013916,0.17549991607666016,0.17026996612548828,0.1711139678955078,0.1722118854522705,0.17186307907104492,0.17193317413330078
8,1GB,3,0.18528575897216798,0.001855416835120422,0.0013499259948730469,0.1870262622833252,0.1880180835723877,0.18691301345825195,0.18421316146850586,0.1857469081878662,0.18227910995483398,0.1827998161315918,0.18611979484558105,0.1845412254333496,0.18520021438598633
8,1GB,5,0.1842094898223877,0.0035907414826557554,0.0008720159530639648,0.18385696411132812,0.19292116165161133,0.18418526649475098,0.18374991416931152,0.1815190315246582,0.1830461025238037,0.185744047164917,0.18334317207336426,0.18479013442993164,0.1789391040802002
8,1GB,10,3.8163814544677734,0.09666735614229538,0.049785494804382324,3.776236057281494,4.0162270069122314,3.899113893508911,3.8352010250091553,3.7618186473846436,3.7822859287261963,3.7696938514709473,3.7356300354003906,3.8974690437316895,3.690139055252075
8,2GB,1,0.033661842346191406,0.0008377698743932411,0.000561833381652832,0.03274703025817871,0.03294205665588379,0.034329891204833984,0.032833099365234375,0.03334808349609375,0.03486514091491699,0.03338789939880371,0.033521175384521484,0.03513312339782715,0.03351092338562012
8,2GB,2,0.17177186012268067,0.0043013663183612055,0.001198410987854004,0.1829361915588379,0.17475295066833496,0.16824698448181152,0.16958308219909668,0.16904020309448242,0.17081499099731445,0.16951298713684082,0.17073893547058105,0.17075395584106445,0.17133831977844238
8,2GB,3,0.18301002979278563,0.001379562314467033,0.0008189678192138672,0.1822810173034668,0.18364310264587402,0.18547701835632324,0.1818709373474121,0.18224811553955078,0.18217706680297852,0.18249797821044922,0.18127012252807617,0.18496179580688477,0.18367314338684082
8,2GB,5,0.18217861652374268,0.0021992512568260137,0.0009675025939941406,0.18230915069580078,0.18704795837402344,0.1842970848083496,0.18045496940612793,0.18143582344055176,0.17952632904052734,0.18072080612182617,0.18167495727539062,0.18324995040893555,0.18106913566589355
8,2GB,10,2.8986026525497435,0.10987113996356443,0.0971384048461914,2.746622085571289,2.8290460109710693,3.0014657974243164,3.0713820457458496,2.9977757930755615,2.9717938899993896,2.862462043762207,2.8034989833831787,2.9223978519439697,2.7795820236206055
8,4GB,1,0.03354341983795166,0.0006594558967958641,0.00039207935333251953,0.03208017349243164,0.0337526798248291,0.033605337142944336,0.0327908992767334,0.033310890197753906,0.03410601615905762,0.033850908279418945,0.0336911678314209,0.034124135971069336,0.03412199020385742
8,4GB,2,0.17074236869812012,0.0032973051169910197,0.0011020898818969727,0.17845392227172852,0.17008304595947266,0.17403793334960938,0.16902518272399902,0.16793608665466309,0.16800522804260254,0.16986703872680664,0.16915035247802734,0.1720569133758545,0.1688079833984375
8,4GB,3,0.18381423950195314,0.0016742588936069973,0.0012583732604980469,0.18090486526489258,0.1829679012298584,0.18521904945373535,0.18526005744934082,0.18660497665405273,0.1843428611755371,0.18230032920837402,0.18383121490478516,0.18257999420166016,0.18413114547729492
8,4GB,5,0.18195040225982667,0.0034440074467154006,0.002058863639831543,0.1822948455810547,0.18488407135009766,0.18954229354858398,0.17827486991882324,0.17978596687316895,0.17927908897399902,0.1833968162536621,0.17870473861694336,0.1827373504638672,0.1806039810180664
8,4GB,10,1.5745296001434326,0.01796575957106388,0.008571505546569824,1.5611321926116943,1.5818421840667725,1.6101312637329102,1.5661962032318115,1.554173231124878,1.5628771781921387,1.5661718845367432,1.561051845550537,1.5908300876617432,1.5908899307250977
8,8GB,1,0.035621476173400876,0.0008202578384657789,0.0005556344985961914,0.03425312042236328,0.03499197959899902,0.03550601005554199,0.035658836364746094,0.036176204681396484,0.034811973571777344,0.036177873611450195,0.0355839729309082,0.0358729362487793,0.037181854248046875
8,8GB,2,0.176033353805542,0.0032065911997694843,0.0012420415878295898,0.18209314346313477,0.17466425895690918,0.1744239330291748,0.17964529991149902,0.1732170581817627,0.17441797256469727,0.17570114135742188,0.1743302345275879,0.17943668365478516,0.17240381240844727
8,8GB,3,0.18646578788757323,0.002062994304896012,0.0006933212280273438,0.18564176559448242,0.18606066703796387,0.18999910354614258,0.18491482734680176,0.1851959228515625,0.18503689765930176,0.19049906730651855,0.18597769737243652,0.1864180564880371,0.18491387367248535
8,8GB,5,0.18492326736450196,0.0029509073628939705,0.0006048679351806641,0.19039487838745117,0.18986010551452637,0.18543267250061035,0.18346595764160156,0.18326616287231445,0.18427610397338867,0.18377280235290527,0.18416905403137207,0.1834869384765625,0.1811079978942871
8,8GB,10,1.5274264097213746,0.011139851871325287,0.008715510368347168,1.5122120380401611,1.5226712226867676,1.5208470821380615,1.5363330841064453,1.5414848327636719,1.5313992500305176,1.5305171012878418,1.5446422100067139,1.518902063369751,1.5152552127838135
8,16GB,1,0.03535077571868896,0.0008921456045862955,0.0008749961853027344,0.03449296951293945,0.03421187400817871,0.03641080856323242,0.034332990646362305,0.03463292121887207,0.03624296188354492,0.03543400764465332,0.03526806831359863,0.03606414794921875,0.03641700744628906
8,16GB,2,0.17576253414154053,0.0036535219484709167,0.0009690523147583008,0.184600830078125,0.17444300651550293,0.1737968921661377,0.1732478141784668,0.1736288070678711,0.17577791213989258,0.17619681358337402,0.17936325073242188,0.17351603507995605,0.17305397987365723
8,16GB,3,0.1860004186630249,0.0012248559635950206,0.0004744529724121094,0.18709707260131836,0.1847059726715088,0.1868579387664795,0.18699193000793457,0.18639707565307617,0.18631196022033691,0.18650388717651367,0.18337512016296387,0.18674111366271973,0.18502211570739746
8,16GB,5,0.1840609073638916,0.0026474549287112347,0.0007634162902832031,0.18563103675842285,0.18941283226013184,0.18742823600769043,0.18232512474060059,0.18280696868896484,0.18178391456604004,0.18245482444763184,0.18195104598999023,0.18218708038330078,0.18462800979614258
8,16GB,10,1.5269634962081908,0.007570008929238184,0.0043451786041259766,1.5329289436340332,1.529331922531128,1.5306549072265625,1.5229229927062988,1.5242140293121338,1.5310866832733154,1.5322792530059814,1.5196750164031982,1.5357482433319092,1.5107929706573486
16,1GB,1,0.035279488563537596,0.0006370037342659983,0.0004616975784301758,0.034242868423461914,0.03527402877807617,0.035706281661987305,0.03478288650512695,0.0350956916809082,0.036074161529541016,0.0354008674621582,0.03455018997192383,0.03543281555175781,0.03623509407043457
16,1GB,2,0.17277019023895263,0.0023512804331432143,0.00044274330139160156,0.17914795875549316,0.173112154006958,0.17187714576721191,0.1716151237487793,0.1720890998840332,0.17109203338623047,0.17233586311340332,0.17155194282531738,0.17152881622314453,0.17335176467895508
16,1GB,3,0.18358588218688965,0.0018339779693316474,0.0006620883941650391,0.183884859085083,0.18411016464233398,0.1819450855255127,0.1832590103149414,0.18324780464172363,0.18210411071777344,0.1836249828338623,0.1834118366241455,0.1882948875427246,0.1819760799407959
16,1GB,5,0.18091127872467042,0.0031099881633237436,0.0005338191986083984,0.1798560619354248,0.1878972053527832,0.17934107780456543,0.1792280673980713,0.1798861026763916,0.18037891387939453,0.17891716957092285,0.1853780746459961,0.17887330055236816,0.17935681343078613
16,1GB,10,4.095703482627869,0.2942441834224537,0.07956206798553467,4.112366199493408,4.185632944107056,4.896698713302612,3.9217000007629395,3.9699950218200684,4.003268003463745,4.020794868469238,4.00250506401062,3.9191250801086426,3.9249489307403564
16,2GB,1,0.035848236083984374,0.0016769196978035756,0.0010341405868530273,0.03382301330566406,0.03426098823547363,0.03518795967102051,0.03724813461303711,0.035388946533203125,0.0394749641418457,0.03477811813354492,0.03512716293334961,0.03632926940917969,0.03686380386352539
16,2GB,2,0.17447183132171631,0.0028178827175102724,0.0010271072387695312,0.18017888069152832,0.1742551326751709,0.1753990650177002,0.17167305946350098,0.17316913604736328,0.17220091819763184,0.17284893989562988,0.1735990047454834,0.1786041259765625,0.1727900505065918
16,2GB,3,0.18533403873443605,0.0011513942891728907,0.0006774663925170898,0.1859889030456543,0.18597197532653809,0.18434524536132812,0.18396496772766113,0.18485093116760254,0.1848130226135254,0.1878669261932373,0.18608713150024414,0.18463706970214844,0.1848142147064209
16,2GB,5,0.183418345451355,0.002771141566643143,0.0009109973907470703,0.18259191513061523,0.18994402885437012,0.1815018653869629,0.18332386016845703,0.18123912811279297,0.1865990161895752,0.18169116973876953,0.183380126953125,0.18209314346313477,0.18181920051574707
16,2GB,10,2.8301464080810548,0.022085384548432264,0.018721699714660645,2.8573219776153564,2.8197760581970215,2.7913310527801514,2.8487653732299805,2.820858955383301,2.8483011722564697,2.8108577728271484,2.8263442516326904,2.858098268508911,2.8198091983795166
16,4GB,1,0.03507819175720215,0.0014522755316484829,0.0006430149078369141,0.03304314613342285,0.03392481803894043,0.0377049446105957,0.034149885177612305,0.03426814079284668,0.034780025482177734,0.03492403030395508,0.03536510467529297,0.03534698486328125,0.037274837493896484
16,4GB,2,0.17424795627593995,0.002155210477055838,0.0004533529281616211,0.1798849105834961,0.17366695404052734,0.17463088035583496,0.17385101318359375,0.17255091667175293,0.17330622673034668,0.17296123504638672,0.1754140853881836,0.17310523986816406,0.17310810089111328
16,4GB,3,0.18424644470214843,0.0011475048162654083,0.0007009506225585938,0.1852281093597412,0.18476128578186035,0.18512296676635742,0.18375706672668457,0.18421506881713867,0.18372106552124023,0.1822209358215332,0.1829230785369873,0.18610572814941406,0.18440914154052734
16,4GB,5,0.18249499797821045,0.0024711123794746476,0.0007482767105102539,0.18229031562805176,0.18803691864013672,0.18557119369506836,0.18079376220703125,0.17994284629821777,0.18193626403808594,0.1811079978942871,0.18274378776550293,0.18128395080566406,0.1812429428100586
16,4GB,10,1.5905524492263794,0.015299303299774447,0.0027152299880981445,1.5852928161621094,1.579073190689087,1.631810188293457,1.587071180343628,1.589216947555542,1.580923080444336,1.5843439102172852,1.5855648517608643,1.5850191116333008,1.5972092151641846
16,8GB,1,0.03583970069885254,0.0008231909614819436,0.00051116943359375,0.036719322204589844,0.0375370979309082,0.03548002243041992,0.035134077072143555,0.03478384017944336,0.03515481948852539,0.035811662673950195,0.036039113998413086,0.03617715835571289,0.035559892654418945
16,8GB,2,0.174881911277771,0.0029010616529298143,0.0013689994812011719,0.18130779266357422,0.17547893524169922,0.17509722709655762,0.17388415336608887,0.17343473434448242,0.17284870147705078,0.17235922813415527,0.17840218544006348,0.17229223251342773,0.17371392250061035
16,8GB,3,0.1844475030899048,0.001217069426012482,0.0005339384078979492,0.18388724327087402,0.18447399139404297,0.18544292449951172,0.18328285217285156,0.18387293815612793,0.18726205825805664,0.1851949691772461,0.18385601043701172,0.18340611457824707,0.18379592895507812
16,8GB,5,0.18236353397369384,0.002161387709143638,0.0012068748474121094,0.18196988105773926,0.1870260238647461,0.18313860893249512,0.1840519905090332,0.18352413177490234,0.1807248592376709,0.18171215057373047,0.17942190170288086,0.18118786811828613,0.1808779239654541
16,8GB,10,1.5132205009460449,0.010533959657560679,0.004320025444030762,1.5161850452423096,1.507152795791626,1.5022711753845215,1.516597032546997,1.5400869846343994,1.5060210227966309,1.5119259357452393,1.509803056716919,1.5075008869171143,1.5146610736846924
16,16GB,1,0.03546133041381836,0.000738248852183256,0.0005584955215454102,0.03498387336730957,0.03568410873413086,0.034612178802490234,0.034774065017700195,0.03470206260681152,0.03522014617919922,0.03628706932067871,0.03648686408996582,0.03648996353149414,0.03537297248840332
16,16GB,2,0.1743242025375366,0.0026705327424535806,0.0006124973297119141,0.18157505989074707,0.174238920211792,0.17336201667785645,0.17397403717041016,0.17203712463378906,0.1740431785583496,0.17295503616333008,0.17316389083862305,0.17301392555236816,0.17487883567810059
16,16GB,3,0.1841278314590454,0.0013731125508958306,0.0006227493286132812,0.18377304077148438,0.18407177925109863,0.18308591842651367,0.18469810485839844,0.18383312225341797,0.18445229530334473,0.1843578815460205,0.18271112442016602,0.18279194831848145,0.18750309944152832
16,16GB,5,0.1814646005630493,0.0030447298742562,0.001096963882446289,0.1789381504058838,0.18941497802734375,0.17975711822509766,0.1815340518951416,0.18101000785827637,0.1788649559020996,0.18003010749816895,0.18274831771850586,0.1809711456298828,0.18137717247009277
16,16GB,10,1.5139059543609619,0.018373431846876353,0.0031151771545410156,1.5011768341064453,1.501607894897461,1.5647029876708984,1.507936954498291,1.506542682647705,1.5144948959350586,1.510796070098877,1.5110809803009033,1.5079472064971924,1.512773036956787
